Workbook

Sheet Sheet1
A1: الاسم | B1: username | C1: سنة سادسة
C2: الألحان (300) | G2: المواد الدراسية (150) | O2: الحضور والغياب (150) | S2: المجموع الكلي (600) | T2: النسبة المئوية
C3: تيرم 1 (100) | D3: تيرم ثاني (110) | E3: تيرم ثالث (90) | F3: مجموع الألحان | G3: طقس (40) | H3: قبطي (40) | I3: كتاب مقدس (30) | J3: عقيدة (25) | K3: أجبية (15) | N3: مجموع المواد الدراسية | O3: تيرم 1 | P3: تيرم 2 | Q3: تيرم 3 | R3: مجموع درجات الحضور
K4: المزمور الأول | L4: المزمور الثاني | M4: المزمور الثالث
A5: ماريان عماد | B5: SD20-0001 | C5: 93 | D5: 101 | E5: 45 | F5: =SUM(C5:E5) -> 239 | G5: 33 | H5: 39 | I5: 25 | J5: 16 | K5: 5 | L5: 4 | M5: 4.5 | N5: =SUM(G5:M5) -> 126.5 | O5: 15 | P5: 25 | Q5: 5 | R5: =SUM(O5:Q5) -> 45 | S5: =SUM(R5,N5,F5) -> 410.5 | T5: =S5/600*100 -> 68.416667
A6: كيرلس ايمن كامل | B6: SD20-0002 | C6: 72 | D6: 78.5 | E6: 53.5 | F6: =SUM(C6:E6) -> 204 | G6: 38 | H6: 35 | I6: 27.5 | J6: 25 | K6: 5 | L6: 4.5 | M6: 5 | N6: =SUM(G6:M6) -> 140 | O6: 50 | P6: 40 | Q6: 5 | R6: =SUM(O6:Q6) -> 95 | S6: =SUM(R6,N6,F6) -> 439 | T6: =S6/600*100 -> 73.166667
A7: جون رضا | B7: SD20-0003 | C7: 81.5 | D7: 93 | E7: 69 | F7: =SUM(C7:E7) -> 243.5 | G7: 20 | H7: 27 | I7: 26 | J7: 19 | K7: 5 | L7: 4 | M7: 4 | N7: =SUM(G7:M7) -> 105 | O7: 50 | P7: 50 | Q7: 45 | R7: =SUM(O7:Q7) -> 145 | S7: =SUM(R7,N7,F7) -> 493.5 | T7: =S7/600*100 -> 82.25
A8: ديفيد ريمون داود | B8: SD20-0004 | C8: 98 | D8: 107 | E8: 86.5 | F8: =SUM(C8:E8) -> 291.5 | G8: 34 | H8: 36 | I8: 30 | J8: 25 | K8: 5 | L8: 4.5 | M8: 5 | N8: =SUM(G8:M8) -> 139.5 | O8: 50 | P8: 50 | Q8: 45 | R8: =SUM(O8:Q8) -> 145 | S8: =SUM(R8,N8,F8) -> 576 | T8: =S8/600*100 -> 96
A9: كيرلس طلعت حربي | B9: SD20-0005 | C9: 68 | D9: 85.5 | E9: 47.5 | F9: =SUM(C9:E9) -> 201 | G9: 27 | H9: 34 | I9: 21 | J9: 21 | K9: 4 | L9: 4.5 | M9: 3 | N9: =SUM(G9:M9) -> 114.5 | O9: 50 | P9: 40 | Q9: 40 | R9: =SUM(O9:Q9) -> 130 | S9: =SUM(R9,N9,F9) -> 445.5 | T9: =S9/600*100 -> 74.25
A10: كيفين رضا حنا رياض | B10: SD20-0006 | C10: 84.5 | D10: 92 | E10: 76 | F10: =SUM(C10:E10) -> 252.5 | G10: 28 | H10: 22 | I10: 18 | J10: 22 | K10: 5 | L10: 4.5 | M10: 5 | N10: =SUM(G10:M10) -> 104.5 | O10: 50 | P10: 45 | Q10: 35 | R10: =SUM(O10:Q10) -> 130 | S10: =SUM(R10,N10,F10) -> 487 | T10: =S10/600*100 -> 81.166667
A11: بيشوي ادم | B11: SD20-0007 | C11: 63.5 | D11: 60 | E11: 37 | F11: =SUM(C11:E11) -> 160.5 | G11: 27 | H11: 20 | I11: 15 | J11: 12.5 | K11: 3 | L11: 5 | M11: 4.5 | N11: =SUM(G11:M11) -> 87 | O11: 50 | P11: 35 | Q11: 40 | R11: =SUM(O11:Q11) -> 125 | S11: =SUM(R11,N11,F11) -> 372.5 | T11: =S11/600*100 -> 62.083333
A12: يوستينا فخري اسحق | B12: SD20-0008 | C12: 58.5 | D12: 74 | E12: 57.5 | F12: =SUM(C12:E12) -> 190 | G12: 20 | H12: 20 | I12: 16.5 | J12: 12.5 | K12: 5 | L12: 3 | M12: 2.5 | N12: =SUM(G12:M12) -> 79.5 | O12: 30 | P12: 30 | Q12: 25 | R12: =SUM(O12:Q12) -> 85 | S12: =SUM(R12,N12,F12) -> 354.5 | T12: =S12/600*100 -> 59.083333
A13: يوستينا منصور | B13: SD20-0009 | C13: 55.5 | D13: 89 | E13: 56 | F13: =SUM(C13:E13) -> 200.5 | G13: 27 | H13: 23.5 | I13: 24 | J13: 20 | K13: 5 | L13: 4 | M13: 4.5 | N13: =SUM(G13:M13) -> 108 | O13: 50 | P13: 40 | Q13: 30 | R13: =SUM(O13:Q13) -> 120 | S13: =SUM(R13,N13,F13) -> 428.5 | T13: =S13/600*100 -> 71.416667
A14: ابانوب برسوم | B14: SD20-0010 | C14: 96 | D14: 105 | E14: 84 | F14: =SUM(C14:E14) -> 285 | G14: 33 | H14: 34.5 | I14: 30 | J14: 17.5 | K14: 5 | L14: 5 | M14: 5 | N14: =SUM(G14:M14) -> 130 | O14: 50 | P14: 50 | Q14: 45 | R14: =SUM(O14:Q14) -> 145 | S14: =SUM(R14,N14,F14) -> 560 | T14: =S14/600*100 -> 93.333333
A15: بيتر ماجد معوض | B15: SD20-0011 | C15: 100 | D15: 106.5 | E15: 81 | F15: =SUM(C15:E15) -> 287.5 | G15: 34 | H15: 22.5 | I15: 24 | J15: 19 | K15: 2.5 | L15: 3 | M15: 3 | N15: =SUM(G15:M15) -> 108 | O15: 50 | P15: 45 | Q15: 40 | R15: =SUM(O15:Q15) -> 135 | S15: =SUM(R15,N15,F15) -> 530.5 | T15: =S15/600*100 -> 88.416667
A16: دميانه ابراهيم | B16: SD20-0012 | C16: 89.5 | D16: 82.5 | E16: 68 | F16: =SUM(C16:E16) -> 240 | G16: 27 | H16: 25.5 | I16: 25 | J16: 18 | K16: 5 | L16: 4.5 | M16: 5 | N16: =SUM(G16:M16) -> 110 | O16: 50 | P16: 50 | Q16: 40 | R16: =SUM(O16:Q16) -> 140 | S16: =SUM(R16,N16,F16) -> 490 | T16: =S16/600*100 -> 81.666667
... A30: سوسنة سامح | B30: SD20-0026 | C30: 70 | D30: 77 | E30: 70.5 | F30: =SUM(C30:E30) -> 217.5 | G30: 23 | H30: 26 | I30: 21 | J30: 20 | K30: 5 | L30: 3 | M30: 4 | N30: =SUM(G30:M30) -> 102 | O30: 50 | P30: 40 | Q30: 40 | R30: =SUM(O30:Q30) -> 130 | S30: =SUM(R30,N30,F30) -> 449.5 | T30: =S30/600*100 -> 74.916667
A31: اندريه منير | B31: SD20-0027 | C31: 28 | F31: =SUM(C31:E31) -> 28 | G31: 20 | H31: 0 | I31: 0 | J31: 0 | K31: 5 | L31: 0 | M31: 0 | N31: =SUM(G31:M31) -> 25 | O31: 20 | P31: 5 | Q31: 5 | R31: =SUM(O31:Q31) -> 30 | S31: =SUM(R31,N31,F31) -> 83 | T31: =S31/600*100 -> 13.833333
A32: ميرنا يوسف | B32: SD20-0028 | C32: 62 | D32: 63 | E32: 62 | F32: =SUM(C32:E32) -> 187 | G32: 25 | H32: 22.5 | I32: 20 | J32: 21 | K32: 0 | L32: 5 | M32: 5 | N32: =SUM(G32:M32) -> 98.5 | O32: 40 | P32: 35 | Q32: 20 | R32: =SUM(O32:Q32) -> 95 | S32: =SUM(R32,N32,F32) -> 380.5 | T32: =S32/600*100 -> 63.416667
A33: سارة عماد | B33: SD20-0029 | C33: 51 | D33: 63.5 | E33: 50 | F33: =SUM(C33:E33) -> 164.5 | G33: 20 | H33: 20 | I33: 20 | J33: 12.5 | K33: 0 | L33: 0 | M33: 0 | N33: =SUM(G33:M33) -> 72.5 | O33: 30 | P33: 30 | Q33: 5 | R33: =SUM(O33:Q33) -> 65 | S33: =SUM(R33,N33,F33) -> 302 | T33: =S33/600*100 -> 50.333333
A34: مخدوم | B34: SDS-0012 | C34: 51 | D34: 63.5 | E34: 50 | F34: =SUM(C34:E34) -> 164.5 | G34: 20 | H34: 20 | I34: 20 | J34: 12.5 | K34: 0 | L34: 0 | M34: 0 | N34: =SUM(G34:M34) -> 72.5 | O34: 30 | P34: 30 | Q34: 5 | R34: =SUM(O34:Q34) -> 65 | S34: =SUM(R34,N34,F34) -> 302 | T34: =S34/600*100 -> 50.333333
F35: =SUM(C35:E35) -> 0 | N35: =SUM(G35:M35) -> 0 | R35: =SUM(O35:Q35) -> 0 | S35: =SUM(R35,N35,F35) -> 0 | T35: =S35/600*100 -> 0
F36: =SUM(C36:E36) -> 0 | N36: =SUM(G36:M36) -> 0 | R36: =SUM(O36:Q36) -> 0 | S36: =SUM(R36,N36,F36) -> 0 | T36: =S36/600*100 -> 0
F37: =SUM(C37:E37) -> 0 | N37: =SUM(G37:M37) -> 0 | R37: =SUM(O37:Q37) -> 0 | S37: =SUM(R37,N37,F37) -> 0 | T37: =S37/600*100 -> 0
F38: =SUM(C38:E38) -> 0 | N38: =SUM(G38:M38) -> 0 | R38: =SUM(O38:Q38) -> 0 | S38: =SUM(R38,N38,F38) -> 0 | T38: =S38/600*100 -> 0
F39: =SUM(C39:E39) -> 0 | N39: =SUM(G39:M39) -> 0 | R39: =SUM(O39:Q39) -> 0 | S39: =SUM(R39,N39,F39) -> 0 | T39: =S39/600*100 -> 0
F40: =SUM(C40:E40) -> 0 | N40: =SUM(G40:M40) -> 0 | R40: =SUM(O40:Q40) -> 0 | S40: =SUM(R40,N40,F40) -> 0 | T40: =S40/600*100 -> 0
F41: =SUM(C41:E41) -> 0 | N41: =SUM(G41:M41) -> 0 | R41: =SUM(O41:Q41) -> 0 | S41: =SUM(R41,N41,F41) -> 0 | T41: =S41/600*100 -> 0
F42: =SUM(C42:E42) -> 0 | N42: =SUM(G42:M42) -> 0 | R42: =SUM(O42:Q42) -> 0 | S42: =SUM(R42,N42,F42) -> 0 | T42: =S42/600*100 -> 0
F43: =SUM(C43:E43) -> 0 | N43: =SUM(G43:M43) -> 0 | R43: =SUM(O43:Q43) -> 0 | S43: =SUM(R43,N43,F43) -> 0 | T43: =S43/600*100 -> 0
F44: =SUM(C44:E44) -> 0 | N44: =SUM(G44:M44) -> 0 | R44: =SUM(O44:Q44) -> 0 | S44: =SUM(R44,N44,F44) -> 0 | T44: =S44/600*100 -> 0
F45: =SUM(C45:E45) -> 0 | N45: =SUM(G45:M45) -> 0 | R45: =SUM(O45:Q45) -> 0 | S45: =SUM(R45,N45,F45) -> 0 | T45: =S45/600*100 -> 0
F46: =SUM(C46:E46) -> 0 | N46: =SUM(G46:M46) -> 0 | R46: =SUM(O46:Q46) -> 0 | S46: =SUM(R46,N46,F46) -> 0 | T46: =S46/600*100 -> 0
... F154: =SUM(C154:E154) -> 0 | N154: =SUM(G154:M154) -> 0 | R154: =SUM(O154:Q154) -> 0 | S154: =SUM(R154,N154,F154) -> 0 | T154: =S154/600*100 -> 0

Sheet النتيجة
A1: اسرة البابا اثناسيوس (6)
A2: م | B2: الاسم | C2: الحان 1 | D2: طقس | E2: محفوظات 1 | F2: الحان 2 | G2: قبطي | H2: محفوظات 2 | I2: الحان 3 | J2: كتاب مقدس | K2: محفوظات 3 | L2: عقيدة
A3: 1 | B3: =Sheet1!A5 -> ماريان عماد | C3: =IF(Sheet1!C5<50,"r","a") -> a | D3: =IF(Sheet1!G5<20,"r","a") -> a | E3: =IF(Sheet1!K5<2.5,"r","a") -> a | F3: =IF(Sheet1!D5<55,"r","a") -> a | G3: =IF(Sheet1!H5<20,"r","a") -> a | H3: =IF(Sheet1!L5<2.5,"r","a") -> a | I3: =IF(Sheet1!E5<45,"r","a") -> a | J3: =IF(Sheet1!I5<15,"r","a") -> a | K3: =IF(Sheet1!M5<2.5,"r","a") -> a | L3: =IF(Sheet1!J5<12.5,"r","a") -> a
A4: 2 | B4: =Sheet1!A6 -> كيرلس ايمن كامل | C4: =IF(Sheet1!C6<50,"r","a") -> a | D4: =IF(Sheet1!G6<20,"r","a") -> a | E4: =IF(Sheet1!K6<2.5,"r","a") -> a | F4: =IF(Sheet1!D6<55,"r","a") -> a | G4: =IF(Sheet1!H6<20,"r","a") -> a | H4: =IF(Sheet1!L6<2.5,"r","a") -> a | I4: =IF(Sheet1!E6<45,"r","a") -> a | J4: =IF(Sheet1!I6<15,"r","a") -> a | K4: =IF(Sheet1!M6<2.5,"r","a") -> a | L4: =IF(Sheet1!J6<12.5,"r","a") -> a
A5: 3 | B5: =Sheet1!A7 -> جون رضا | C5: =IF(Sheet1!C7<50,"r","a") -> a | D5: =IF(Sheet1!G7<20,"r","a") -> a | E5: =IF(Sheet1!K7<2.5,"r","a") -> a | F5: =IF(Sheet1!D7<55,"r","a") -> a | G5: =IF(Sheet1!H7<20,"r","a") -> a | H5: =IF(Sheet1!L7<2.5,"r","a") -> a | I5: =IF(Sheet1!E7<45,"r","a") -> a | J5: =IF(Sheet1!I7<15,"r","a") -> a | K5: =IF(Sheet1!M7<2.5,"r","a") -> a | L5: =IF(Sheet1!J7<12.5,"r","a") -> a
A6: 4 | B6: =Sheet1!A8 -> ديفيد ريمون داود | C6: =IF(Sheet1!C8<50,"r","a") -> a | D6: =IF(Sheet1!G8<20,"r","a") -> a | E6: =IF(Sheet1!K8<2.5,"r","a") -> a | F6: =IF(Sheet1!D8<55,"r","a") -> a | G6: =IF(Sheet1!H8<20,"r","a") -> a | H6: =IF(Sheet1!L8<2.5,"r","a") -> a | I6: =IF(Sheet1!E8<45,"r","a") -> a | J6: =IF(Sheet1!I8<15,"r","a") -> a | K6: =IF(Sheet1!M8<2.5,"r","a") -> a | L6: =IF(Sheet1!J8<12.5,"r","a") -> a
A7: 5 | B7: =Sheet1!A9 -> كيرلس طلعت حربي | C7: =IF(Sheet1!C9<50,"r","a") -> a | D7: =IF(Sheet1!G9<20,"r","a") -> a | E7: =IF(Sheet1!K9<2.5,"r","a") -> a | F7: =IF(Sheet1!D9<55,"r","a") -> a | G7: =IF(Sheet1!H9<20,"r","a") -> a | H7: =IF(Sheet1!L9<2.5,"r","a") -> a | I7: =IF(Sheet1!E9<45,"r","a") -> a | J7: =IF(Sheet1!I9<15,"r","a") -> a | K7: =IF(Sheet1!M9<2.5,"r","a") -> a | L7: =IF(Sheet1!J9<12.5,"r","a") -> a
A8: 6 | B8: =Sheet1!A10 -> كيفين رضا حنا رياض | C8: =IF(Sheet1!C10<50,"r","a") -> a | D8: =IF(Sheet1!G10<20,"r","a") -> a | E8: =IF(Sheet1!K10<2.5,"r","a") -> a | F8: =IF(Sheet1!D10<55,"r","a") -> a | G8: =IF(Sheet1!H10<20,"r","a") -> a | H8: =IF(Sheet1!L10<2.5,"r","a") -> a | I8: =IF(Sheet1!E10<45,"r","a") -> a | J8: =IF(Sheet1!I10<15,"r","a") -> a | K8: =IF(Sheet1!M10<2.5,"r","a") -> a | L8: =IF(Sheet1!J10<12.5,"r","a") -> a
A9: 7 | B9: =Sheet1!A11 -> بيشوي ادم | C9: =IF(Sheet1!C11<50,"r","a") -> a | D9: =IF(Sheet1!G11<20,"r","a") -> a | E9: =IF(Sheet1!K11<2.5,"r","a") -> a | F9: =IF(Sheet1!D11<55,"r","a") -> a | G9: =IF(Sheet1!H11<20,"r","a") -> a | H9: =IF(Sheet1!L11<2.5,"r","a") -> a | I9: =IF(Sheet1!E11<45,"r","a") -> r | J9: =IF(Sheet1!I11<15,"r","a") -> a | K9: =IF(Sheet1!M11<2.5,"r","a") -> a | L9: =IF(Sheet1!J11<12.5,"r","a") -> a
A10: 8 | B10: =Sheet1!A12 -> يوستينا فخري اسحق | C10: =IF(Sheet1!C12<50,"r","a") -> a | D10: =IF(Sheet1!G12<20,"r","a") -> a | E10: =IF(Sheet1!K12<2.5,"r","a") -> a | F10: =IF(Sheet1!D12<55,"r","a") -> a | G10: =IF(Sheet1!H12<20,"r","a") -> a | H10: =IF(Sheet1!L12<2.5,"r","a") -> a | I10: =IF(Sheet1!E12<45,"r","a") -> a | J10: =IF(Sheet1!I12<15,"r","a") -> a | K10: =IF(Sheet1!M12<2.5,"r","a") -> a | L10: =IF(Sheet1!J12<12.5,"r","a") -> a
A11: 9 | B11: =Sheet1!A13 -> يوستينا منصور | C11: =IF(Sheet1!C13<50,"r","a") -> a | D11: =IF(Sheet1!G13<20,"r","a") -> a | E11: =IF(Sheet1!K13<2.5,"r","a") -> a | F11: =IF(Sheet1!D13<55,"r","a") -> a | G11: =IF(Sheet1!H13<20,"r","a") -> a | H11: =IF(Sheet1!L13<2.5,"r","a") -> a | I11: =IF(Sheet1!E13<45,"r","a") -> a | J11: =IF(Sheet1!I13<15,"r","a") -> a | K11: =IF(Sheet1!M13<2.5,"r","a") -> a | L11: =IF(Sheet1!J13<12.5,"r","a") -> a
A12: 10 | B12: =Sheet1!A14 -> ابانوب برسوم | C12: =IF(Sheet1!C14<50,"r","a") -> a | D12: =IF(Sheet1!G14<20,"r","a") -> a | E12: =IF(Sheet1!K14<2.5,"r","a") -> a | F12: =IF(Sheet1!D14<55,"r","a") -> a | G12: =IF(Sheet1!H14<20,"r","a") -> a | H12: =IF(Sheet1!L14<2.5,"r","a") -> a | I12: =IF(Sheet1!E14<45,"r","a") -> a | J12: =IF(Sheet1!I14<15,"r","a") -> a | K12: =IF(Sheet1!M14<2.5,"r","a") -> a | L12: =IF(Sheet1!J14<12.5,"r","a") -> a
A13: 11 | B13: =Sheet1!A15 -> بيتر ماجد معوض | C13: =IF(Sheet1!C15<50,"r","a") -> a | D13: =IF(Sheet1!G15<20,"r","a") -> a | E13: =IF(Sheet1!K15<2.5,"r","a") -> a | F13: =IF(Sheet1!D15<55,"r","a") -> a | G13: =IF(Sheet1!H15<20,"r","a") -> a | H13: =IF(Sheet1!L15<2.5,"r","a") -> a | I13: =IF(Sheet1!E15<45,"r","a") -> a | J13: =IF(Sheet1!I15<15,"r","a") -> a | K13: =IF(Sheet1!M15<2.5,"r","a") -> a | L13: =IF(Sheet1!J15<12.5,"r","a") -> a
A14: 12 | B14: =Sheet1!A16 -> دميانه ابراهيم | C14: =IF(Sheet1!C16<50,"r","a") -> a | D14: =IF(Sheet1!G16<20,"r","a") -> a | E14: =IF(Sheet1!K16<2.5,"r","a") -> a | F14: =IF(Sheet1!D16<55,"r","a") -> a | G14: =IF(Sheet1!H16<20,"r","a") -> a | H14: =IF(Sheet1!L16<2.5,"r","a") -> a | I14: =IF(Sheet1!E16<45,"r","a") -> a | J14: =IF(Sheet1!I16<15,"r","a") -> a | K14: =IF(Sheet1!M16<2.5,"r","a") -> a | L14: =IF(Sheet1!J16<12.5,"r","a") -> a
... A152: 150 | B152: =Sheet1!A154 -> 0 | C152: =IF(Sheet1!C154<50,"r","a") -> r | D152: =IF(Sheet1!G154<20,"r","a") -> r | E152: =IF(Sheet1!K154<2.5,"r","a") -> r | F152: =IF(Sheet1!D154<55,"r","a") -> r | G152: =IF(Sheet1!H154<20,"r","a") -> r | H152: =IF(Sheet1!L154<2.5,"r","a") -> r | I152: =IF(Sheet1!E154<45,"r","a") -> r | J152: =IF(Sheet1!I154<15,"r","a") -> r | K152: =IF(Sheet1!M154<2.5,"r","a") -> r | L152: =IF(Sheet1!J154<12.5,"r","a") -> r
